,frame,tracker_id,field_x,field_y,label,team
0,7,52.0,40.23748799999984,24.418499999999895,,
1,7,53.0,46.107753999999844,23.097531999999934,,
2,7,54.0,45.44312699999988,22.27335199999995,,
3,7,55.0,44.720569999999874,26.946383999999963,,
4,7,56.0,48.02615999999977,8.273627999999967,,
5,7,57.0,52.701679999999875,33.78879999999991,,
6,7,58.0,48.20804999999988,22.614854999999928,,
7,7,59.0,48.221859999999886,29.27045399999996,,
